gene,overlap_predixcan,0.01,0.05,pvalue,ncbi,chrom,start
ENSBTAG00000044829,1,0,1,7.55E-07,7SK,10,70147719
ENSBTAG00000051857,1,0,1,1.57E-06,,13,56010729
ENSBTAG00000055266,1,0,1,4.96E-07,,8,102312824
ENSBTAG00000044775,1,1,1,3.95E-16,bta-miR-2387,25,32930343
ENSBTAG00000002108,1,0,1,1.07E-06,YWHAQ,11,87861882
ENSBTAG00000001165,1,1,1,1.24E-15,AIFM2,28,26345865
ENSBTAG00000054772,1,1,1,2.47E-15,,4,23549707
ENSBTAG00000045567,0,1,1,1.99E-07,PRR15,4,66608858
ENSBTAG00000021816,1,0,1,3.65E-07,TMEM239,13,52365287
ENSBTAG00000048895,1,0,1,3.98E-07,,19,41509712
ENSBTAG00000040146,1,1,1,2.92E-15,,3,59136182
ENSBTAG00000036437,1,1,1,6.39E-15,bta-mir-33b,19,34647548
ENSBTAG00000029912,1,1,1,5.11E-14,MIRLET7C,1,20434603
ENSBTAG00000042125,1,1,1,5.31E-14,SNORD115,21,2186760
ENSBTAG00000048206,1,1,1,7.01E-14,,X,71159114
ENSBTAG00000053730,1,1,1,1.17E-13,OR2F1,4,107134588
ENSBTAG00000015812,1,0,1,1.29E-06,KRTAP8-1,1,4759050
ENSBTAG00000048911,1,1,1,1.35E-13,U6,23,34599442
ENSBTAG00000015195,1,0,1,1.51E-06,NPC1,24,33058613
ENSBTAG00000052044,1,0,1,1.81E-06,U6,24,1006167
ENSBTAG00000011465,0,0,1,3.85E-07,MYBPH,16,957169
ENSBTAG00000052636,1,0,1,1.55E-06,U6,2,111487974
ENSBTAG00000000535,1,1,1,2.21E-13,PCNX2,28,5877005
ENSBTAG00000050912,1,1,1,2.42E-13,,24,31031649
ENSBTAG00000049740,1,0,1,8.67E-07,,X,77163652
ENSBTAG00000019065,1,1,1,2.81E-13,EEPD1,4,60949038
ENSBTAG00000050732,1,1,1,2.89E-13,,18,8003775
ENSBTAG00000033622,1,0,1,5.46E-07,U1,14,24696870
ENSBTAG00000010381,0,1,1,2.61E-08,PRMT9,17,10454873
ENSBTAG00000054087,1,0,1,9.28E-07,,9,101855408
ENSBTAG00000001049,1,1,1,5.68E-13,ANOS1,X,134225187
ENSBTAG00000013051,1,0,1,4.62E-07,PRM3,25,9931753
ENSBTAG00000013927,0,1,1,1.65E-07,GSTCD,6,19301432
ENSBTAG00000039015,0,1,1,3.60E-10,TMEM145,18,50963258
ENSBTAG00000006077,1,1,1,7.08E-13,RTBDN,7,12712003
ENSBTAG00000014883,1,1,1,7.31E-13,GABARAP,19,26954142
ENSBTAG00000014366,0,1,1,1.80E-09,PRPF19,29,37223625
ENSBTAG00000015444,1,1,1,1.40E-12,LETM2,27,33528788
ENSBTAG00000016105,1,1,1,1.45E-12,MACROH2A1,7,46799693
ENSBTAG00000019419,1,0,1,4.61E-07,NDUFS7,7,43805788
ENSBTAG00000037111,1,1,1,2.56E-12,5S_rRNA,8,65620413
ENSBTAG00000049125,0,1,1,7.67E-17,GPIHBP1,14,1348153
ENSBTAG00000015578,1,0,1,1.22E-06,SAP30,8,5761207
ENSBTAG00000053460,1,1,1,2.62E-12,VWC2L,2,102407028
ENSBTAG00000010634,1,1,1,2.94E-12,NDNF,6,4403331
ENSBTAG00000049704,1,1,1,3.09E-12,,3,58286871
ENSBTAG00000020564,1,0,1,5.44E-07,,5,44246155
ENSBTAG00000048942,1,1,1,3.88E-12,,22,51389456
ENSBTAG00000015040,0,1,1,5.44E-22,SMPD5,14,774643
ENSBTAG00000054220,1,1,1,6.56E-12,,13,78238995
ENSBTAG00000003409,1,0,1,4.33E-07,FKBP1B,11,75002737
ENSBTAG00000048900,1,0,1,1.77E-06,MDFIC2,22,31285296
ENSBTAG00000019755,1,1,1,7.23E-12,REEP3,28,19629639
ENSBTAG00000038241,1,1,1,9.53E-12,REPIN1,4,112782527
ENSBTAG00000002646,1,1,1,9.66E-12,DYNC1I2,2,24765631
ENSBTAG00000012426,1,1,1,1.26E-11,INO80C,24,21582817
ENSBTAG00000015290,1,0,1,8.71E-07,BAIAP2L2,5,109861367
ENSBTAG00000049715,1,1,1,1.29E-11,,2,56784845
ENSBTAG00000015901,0,1,1,6.35E-08,ARMC1,14,30000050
ENSBTAG00000051094,1,1,1,1.53E-11,,26,22462449
ENSBTAG00000023600,1,1,1,1.63E-11,APOD,1,72061983
ENSBTAG00000012805,0,0,1,6.49E-07,TSPAN13,4,25245149
ENSBTAG00000019864,0,1,1,1.94E-23,MAPK15,14,1040716
ENSBTAG00000010584,0,1,1,9.95E-10,AP2S1,18,53925647
ENSBTAG00000018631,1,1,1,1.64E-11,SAP18,12,35603044
ENSBTAG00000021093,0,1,1,1.45E-08,RPS16,18,49122732
ENSBTAG00000022733,1,1,1,2.12E-11,EPM2AIP1,22,10551378
ENSBTAG00000011421,0,0,1,7.52E-07,CD37,18,55821902
ENSBTAG00000049127,0,1,1,2.95E-07,,18,65344217
ENSBTAG00000050948,1,0,1,4.61E-07,NUP62,18,56246435
ENSBTAG00000045481,1,0,1,6.20E-07,5_8S_rRNA,X,50134923
ENSBTAG00000002484,0,1,1,1.35E-07,CIAO3,25,628093
ENSBTAG00000016951,1,1,1,2.50E-11,WDFY1,2,112010456
ENSBTAG00000025968,1,1,1,2.53E-11,,13,23162791
ENSBTAG00000013510,1,0,1,1.49E-06,TOR2A,11,98411722
ENSBTAG00000050513,1,1,1,2.84E-11,TCF24,14,31132755
ENSBTAG00000014273,1,1,1,3.34E-11,NRF1,4,93449966
ENSBTAG00000010501,0,0,1,5.97E-07,SELENOV,18,49184744
ENSBTAG00000034845,1,1,1,3.72E-11,,29,7358733
ENSBTAG00000052450,1,1,1,5.28E-11,OR4F14,10,28115806
ENSBTAG00000042529,1,0,1,1.79E-06,U6,14,34131641
ENSBTAG00000023736,0,1,1,9.49E-08,CDC42EP3,11,20086106
ENSBTAG00000043875,1,1,1,5.66E-11,U2,20,63003302
ENSBTAG00000054508,1,1,1,6.07E-11,,8,61508010
ENSBTAG00000001119,1,0,1,1.45E-06,ANKRD13B,19,20847902
ENSBTAG00000001893,1,1,1,6.14E-11,TM4SF4,1,118662871
ENSBTAG00000032223,1,1,1,6.90E-11,COG7,25,21049528
ENSBTAG00000019173,1,1,1,7.55E-11,PAG12,29,37655999
ENSBTAG00000012281,1,1,1,7.88E-11,AWAT2,X,80394502
ENSBTAG00000013362,1,1,1,7.95E-11,DNM2,7,15209049
ENSBTAG00000011173,1,1,1,8.82E-11,FAM189A2,8,45469516
ENSBTAG00000003907,1,1,1,9.30E-11,TSPAN14,28,35848163
ENSBTAG00000015907,1,1,1,9.52E-11,IRX4,20,70777557
ENSBTAG00000006335,1,0,1,1.45E-06,STAT6,5,56325609
ENSBTAG00000030517,1,0,1,6.63E-07,SMIM33,7,50730802
ENSBTAG00000011044,1,1,1,1.01E-10,TACC3,6,116825809
ENSBTAG00000045428,1,0,1,9.45E-07,U6,21,37728737
ENSBTAG00000016834,0,1,1,2.54E-09,LHFPL5,23,9767607
ENSBTAG00000044280,1,0,1,1.22E-06,bta-mir-2324,18,1582910
ENSBTAG00000054641,1,1,1,1.02E-10,,29,45792420
ENSBTAG00000044453,1,1,1,1.05E-10,7SK,4,112408094
ENSBTAG00000042612,1,1,1,1.07E-10,SNORA62,5,37587369
ENSBTAG00000007601,1,1,1,1.09E-10,,19,37974853
ENSBTAG00000042156,1,1,1,1.18E-10,U6,6,25926935
ENSBTAG00000047679,0,0,1,5.43E-07,DNTTIP2,3,49610656
ENSBTAG00000039484,1,0,1,6.43E-07,OR2G27,7,40917488
ENSBTAG00000021995,1,1,1,1.80E-10,LRTM2,5,108245440
ENSBTAG00000034189,1,1,1,2.12E-10,ADH1C,6,25280923
ENSBTAG00000054836,1,1,1,2.22E-10,OR10A3,15,44613375
ENSBTAG00000044921,1,1,1,2.29E-10,bta-mir-2292,10,67073820
ENSBTAG00000019230,1,1,1,2.42E-10,PTGER3,3,74185666
ENSBTAG00000045256,1,1,1,2.82E-10,,11,48766580
ENSBTAG00000051495,1,1,1,2.92E-10,,1,54472880
ENSBTAG00000003820,1,0,1,9.15E-07,GRAMD1A,18,45743703
ENSBTAG00000009904,1,1,1,3.22E-10,SPIC,5,65323700
ENSBTAG00000053319,1,0,1,3.82E-07,,29,50527249
ENSBTAG00000011730,1,1,1,3.71E-10,TCAP,19,40041901
ENSBTAG00000044348,1,1,1,3.78E-10,bta-mir-2466,8,1050879
ENSBTAG00000019998,1,0,1,6.26E-07,HAGH,25,1379520
ENSBTAG00000023147,1,1,1,3.97E-10,LINGO1,21,32764174
ENSBTAG00000007370,1,1,1,4.33E-10,EIF2AK1,25,38038515
ENSBTAG00000052909,0,1,1,3.58E-09,C8G,11,105985399
ENSBTAG00000009115,1,1,1,4.44E-10,SPSB4,1,127831477
ENSBTAG00000052002,1,1,1,4.47E-10,,4,48538065
ENSBTAG00000054449,1,1,1,4.86E-10,,19,36069232
ENSBTAG00000014967,1,1,1,5.45E-10,PAX7,2,133926471
ENSBTAG00000026322,1,1,1,5.47E-10,,5,44445035
ENSBTAG00000007749,0,1,1,1.68E-09,TONSL,14,496271
ENSBTAG00000037553,1,1,1,6.25E-10,KRT33A,19,41552389
ENSBTAG00000003025,1,1,1,6.34E-10,NME6,22,51557935
ENSBTAG00000052308,1,0,1,1.39E-06,ITLN2,3,8628057
ENSBTAG00000043313,1,1,1,6.82E-10,U6,14,62904568
ENSBTAG00000048236,1,1,1,6.84E-10,TRAV24,10,23697580
ENSBTAG00000014439,0,1,1,1.33E-08,KMO,16,35178266
ENSBTAG00000011129,0,1,1,9.98E-08,QSOX2,11,103691455
ENSBTAG00000049233,1,0,1,9.30E-07,,15,6225207
ENSBTAG00000012235,1,0,1,7.80E-07,SHARPIN,14,732964
ENSBTAG00000052336,1,1,1,6.87E-10,ZIM3,18,64374169
ENSBTAG00000042132,1,0,1,1.49E-06,U6,6,32388051
ENSBTAG00000017739,0,1,1,1.34E-10,TNK1,19,27065301
ENSBTAG00000011145,1,1,1,7.35E-10,NDUFA4,4,19041321
ENSBTAG00000016177,1,1,1,9.43E-10,FGL1,27,19387846
ENSBTAG00000012962,1,0,1,1.17E-06,SARS1,3,34170143
ENSBTAG00000002231,1,1,1,9.85E-10,,16,54950134
ENSBTAG00000019355,0,1,1,3.17E-09,KCNK10,10,99915023
ENSBTAG00000050175,1,0,1,1.04E-06,,18,63381373
ENSBTAG00000048251,1,1,1,1.02E-09,NHLRC4,25,498198
ENSBTAG00000014626,1,1,1,1.11E-09,RARS1,7,80503644
ENSBTAG00000000495,1,1,1,1.15E-09,HAVCR2,7,68784734
ENSBTAG00000007638,1,1,1,1.16E-09,PIF1,10,45270353
ENSBTAG00000048744,1,1,1,1.20E-09,OR13J1F,8,60099008
ENSBTAG00000010136,1,1,1,1.25E-09,CMAS,5,88154132
ENSBTAG00000055170,1,1,1,1.27E-09,OR5B146,15,81514122
ENSBTAG00000022449,0,0,1,1.32E-06,SCD5,6,97461721
ENSBTAG00000030435,0,0,1,1.70E-06,PNRC2,2,128938566
ENSBTAG00000021209,1,1,1,1.43E-09,UBR5,14,61987835
ENSBTAG00000031523,1,1,1,1.48E-09,,X,97200352
ENSBTAG00000027728,0,0,1,7.80E-07,NUDT12,7,102607083
ENSBTAG00000024884,1,1,1,1.52E-09,CCNF,25,1947613
ENSBTAG00000017131,1,0,1,9.31E-07,AFP,6,88511182
ENSBTAG00000052464,1,1,1,1.58E-09,,11,90022638
ENSBTAG00000048384,1,0,1,6.76E-07,U6,22,30977859
ENSBTAG00000053904,1,0,1,1.73E-06,bta-mir-12034,13,38239543
ENSBTAG00000009978,1,1,1,1.62E-09,TDRD6,23,19910664
ENSBTAG00000008906,1,1,1,1.63E-09,PCP2,7,16476406
ENSBTAG00000029851,1,0,1,5.03E-07,bta-mir-122,24,57588139
ENSBTAG00000008116,1,1,1,1.65E-09,POLDIP2,19,19826425
ENSBTAG00000052365,1,1,1,1.87E-09,,4,106431235
ENSBTAG00000051892,1,1,1,1.90E-09,bta-mir-2285dk,1,46802247
ENSBTAG00000001882,1,1,1,1.91E-09,CD79A,18,51344675
ENSBTAG00000015969,1,0,1,6.11E-07,STK40,3,109490894
ENSBTAG00000048848,1,1,1,2.00E-09,,X,118159951
ENSBTAG00000014594,1,1,1,2.01E-09,OR10AG75,15,78647351
ENSBTAG00000006239,0,1,1,1.95E-08,,25,42246841
ENSBTAG00000054181,1,1,1,2.09E-09,,11,44660117
ENSBTAG00000054994,1,1,1,2.13E-09,,6,102967554
ENSBTAG00000053631,1,1,1,2.13E-09,TEX46,2,129843757
ENSBTAG00000053731,1,1,1,2.20E-09,,2,31560396
ENSBTAG00000049246,1,1,1,2.27E-09,,13,22591430
ENSBTAG00000007147,1,1,1,2.39E-09,CUEDC1,19,8670138
ENSBTAG00000050501,1,0,1,1.64E-06,,5,108393975
ENSBTAG00000053550,1,1,1,2.49E-09,,15,80629490
ENSBTAG00000018903,1,0,1,4.62E-07,ACD,18,35207975
ENSBTAG00000021896,1,0,1,1.27E-06,NUP214,11,101323401
ENSBTAG00000015945,1,1,1,2.56E-09,TMEM81,16,2861873
ENSBTAG00000051054,1,1,1,2.63E-09,U1,21,44955172
ENSBTAG00000044633,1,1,1,2.79E-09,bta-mir-2469,8,11522207
ENSBTAG00000045382,1,0,1,1.21E-06,U6,5,28270346
ENSBTAG00000034498,0,1,1,4.09E-16,LY6D,14,1655470
ENSBTAG00000013416,1,1,1,2.81E-09,MGC133636,13,42104889
ENSBTAG00000006068,1,1,1,2.91E-09,CC2D1A,7,11766152
ENSBTAG00000016467,1,0,1,1.48E-06,SLC22A17,10,21572220
ENSBTAG00000011941,1,1,1,3.03E-09,LYZ1,5,44119611
ENSBTAG00000021669,0,0,1,8.37E-07,SOGA1,13,65838227
ENSBTAG00000025130,1,1,1,3.09E-09,HIC1,19,23073729
ENSBTAG00000053931,1,1,1,3.12E-09,,4,112814840
ENSBTAG00000055211,1,0,1,5.11E-07,,8,87447816
ENSBTAG00000000128,1,1,1,3.28E-09,FGF18,20,3226532
ENSBTAG00000007122,1,1,1,3.28E-09,ZFP2,7,2467013
ENSBTAG00000016355,1,1,1,3.29E-09,UVRAG,15,55160620
ENSBTAG00000015340,1,1,1,3.41E-09,ANGPTL7,16,42447039
ENSBTAG00000025266,1,1,1,3.56E-09,UBQLN3,15,48059198
ENSBTAG00000051465,1,1,1,3.57E-09,bta-mir-7861,13,13066644
ENSBTAG00000054434,1,0,1,6.18E-07,,13,34757603
ENSBTAG00000009578,1,1,1,3.62E-09,PTK2,14,2844134
ENSBTAG00000031309,1,1,1,3.76E-09,RAG2,15,67019957
ENSBTAG00000014576,0,0,1,4.35E-07,GUCY1A1,17,43601257
ENSBTAG00000021688,0,1,1,1.82E-11,FH,16,35260924
ENSBTAG00000010245,1,1,1,3.97E-09,SPRY3,X,35446398
ENSBTAG00000035660,1,0,1,6.87E-07,,4,13707135
ENSBTAG00000043318,1,1,1,4.22E-09,U6,2,20269706
ENSBTAG00000048679,1,0,1,6.47E-07,OR52N4H,15,47532450
ENSBTAG00000012040,1,0,1,1.43E-06,GIT1,19,20829405
ENSBTAG00000045312,1,0,1,1.06E-06,U6,7,102873905
ENSBTAG00000015482,0,1,1,1.27E-07,ANKRD13C,3,74830012
ENSBTAG00000016365,1,1,1,4.44E-09,ABCG5,11,26047011
ENSBTAG00000011820,1,1,1,4.50E-09,DAPK2,10,45948472
ENSBTAG00000052619,1,1,1,4.69E-09,,9,78728459
ENSBTAG00000027431,0,1,1,1.26E-07,ZNF227,18,52154975
ENSBTAG00000039912,1,0,1,1.15E-06,U1,11,54492426
ENSBTAG00000054826,1,0,1,1.41E-06,,10,59949325
ENSBTAG00000006612,1,1,1,4.71E-09,SCAF1,18,56050468
ENSBTAG00000007624,1,1,1,4.95E-09,FRMD4B,22,32022449
ENSBTAG00000017039,1,0,1,1.15E-06,ARHGEF33,11,21250827
ENSBTAG00000054709,1,0,1,9.30E-07,,9,13658642
ENSBTAG00000011305,1,1,1,4.99E-09,,1,81254282
ENSBTAG00000005736,1,0,1,7.04E-07,ADGRF3,11,73210558
ENSBTAG00000049441,1,1,1,5.52E-09,,X,92141442
ENSBTAG00000019502,0,0,1,6.53E-07,MED4,12,17896753
ENSBTAG00000012234,1,1,1,5.57E-09,RHBG,3,14441107
ENSBTAG00000005312,1,1,1,5.66E-09,MED26,7,6412462
ENSBTAG00000054915,1,1,1,5.82E-09,OR9A4,4,105142209
ENSBTAG00000051146,1,0,1,4.08E-07,,19,25238994
ENSBTAG00000042700,1,1,1,6.21E-09,U6,19,15962737
ENSBTAG00000050140,1,1,1,6.56E-09,OR2T60,7,41529114
ENSBTAG00000011644,1,1,1,6.71E-09,THSD4,10,18399009
ENSBTAG00000005269,1,0,1,5.58E-07,CCNB2,10,51184626
ENSBTAG00000010253,1,0,1,1.55E-06,SYTL1,2,125934205
ENSBTAG00000011830,1,1,1,6.75E-09,,29,45808029
ENSBTAG00000053798,1,1,1,6.88E-09,,10,26456676
ENSBTAG00000048985,1,1,1,7.15E-09,,1,61393686
ENSBTAG00000051999,1,0,1,8.54E-07,,29,27691342
ENSBTAG00000049013,1,0,1,1.57E-06,,12,33054523
ENSBTAG00000040603,0,1,1,1.50E-09,ZNF175,18,57531832
ENSBTAG00000014495,1,0,1,4.21E-07,CEP43,9,101818057
ENSBTAG00000048486,0,1,1,5.03E-32,IQANK1,14,1006976
ENSBTAG00000002267,1,0,1,1.31E-06,ANKRD40,19,36026569
ENSBTAG00000006367,0,0,1,1.03E-06,CCN2,9,69887189
ENSBTAG00000037932,1,1,1,7.27E-09,,10,82116736
ENSBTAG00000014751,1,1,1,7.42E-09,ZIC1,1,120897288
ENSBTAG00000049346,0,1,1,1.28E-08,,18,51415857
ENSBTAG00000054887,1,1,1,7.57E-09,ZNF471,18,63806826
ENSBTAG00000053255,1,1,1,8.02E-09,OR10H4,7,7136785
ENSBTAG00000000267,1,1,1,8.12E-09,SMG6,19,23080158
ENSBTAG00000011649,1,0,1,5.66E-07,FARSB,2,110746220
ENSBTAG00000048483,1,1,1,8.43E-09,,27,17339095
ENSBTAG00000011700,1,1,1,8.69E-09,PLLP,18,25260164
ENSBTAG00000031001,0,1,1,4.92E-13,MEGF8,18,50923578
ENSBTAG00000054850,1,1,1,8.73E-09,,2,18697362
ENSBTAG00000014422,0,1,1,6.20E-09,MTMR10,21,27438000
ENSBTAG00000016742,1,1,1,8.86E-09,WFDC3,13,74551350
ENSBTAG00000043840,1,1,1,9.04E-09,U6,2,21681302
ENSBTAG00000043462,1,0,1,1.02E-06,SNORD14,15,33680867
ENSBTAG00000049869,1,0,1,3.83E-07,PRP1,23,34765720
ENSBTAG00000049950,1,1,1,9.10E-09,,10,95245244
ENSBTAG00000013935,1,0,1,5.30E-07,NTPCR,28,5833249
ENSBTAG00000043643,1,1,1,9.73E-09,U2,3,106898231
ENSBTAG00000047316,1,1,1,9.83E-09,,25,3727793
ENSBTAG00000027513,0,0,1,1.57E-06,CXCL2,6,88946402
ENSBTAG00000039705,0,1,1,3.39E-19,HGH1,14,712202
ENSBTAG00000026916,1,1,1,1.07E-08,PRR13,5,26568370
ENSBTAG00000018291,0,1,1,2.31E-08,C11H2orf68,11,49397839
ENSBTAG00000052020,1,1,1,1.11E-08,OR6D19,28,44491806
ENSBTAG00000050757,0,1,1,1.81E-07,DSB,23,7035574
ENSBTAG00000003257,1,1,1,1.12E-08,STK4,13,73371418
ENSBTAG00000042423,1,1,1,1.15E-08,,17,29707723
ENSBTAG00000048838,1,0,1,9.31E-07,,23,10963673
ENSBTAG00000042323,1,1,1,1.18E-08,U6,5,14767823
ENSBTAG00000053572,1,0,1,1.10E-06,,18,35805879
ENSBTAG00000015576,1,0,1,1.02E-06,NPAS1,18,54078441
ENSBTAG00000014079,1,0,1,9.46E-07,GIGYF2,3,112454968
ENSBTAG00000051278,1,1,1,1.26E-08,,9,15390484
ENSBTAG00000052759,1,1,1,1.28E-08,,4,85374622
ENSBTAG00000042562,1,1,1,1.29E-08,U6,27,45441318
ENSBTAG00000050134,1,0,1,4.47E-07,FAM237A,2,94936435
ENSBTAG00000020997,0,1,1,4.93E-08,GPR15,1,42839325
ENSBTAG00000006470,0,1,1,2.13E-08,TTBK2,10,38039980
ENSBTAG00000054891,1,1,1,1.30E-08,SMIM32,7,47634050
ENSBTAG00000052359,1,1,1,1.32E-08,,29,49454014
ENSBTAG00000049738,1,0,1,6.84E-07,,11,8916821
ENSBTAG00000017628,1,1,1,1.34E-08,MAP7D2,X,123141603
ENSBTAG00000004585,1,1,1,1.38E-08,CCDC30,3,103567783
ENSBTAG00000001423,1,0,1,4.42E-07,,10,45121371
ENSBTAG00000005696,1,1,1,1.39E-08,DBF4B,19,44448991
ENSBTAG00000017035,1,1,1,1.40E-08,USF2,18,45982575
ENSBTAG00000008479,0,1,1,1.62E-07,CXCL13,6,92284631
ENSBTAG00000020457,1,1,1,1.43E-08,TGFB1,18,50484512
ENSBTAG00000032347,0,1,1,5.47E-09,,22,47588803
ENSBTAG00000018037,1,1,1,1.46E-08,PSKH1,18,35388066
ENSBTAG00000049316,1,1,1,1.47E-08,,7,52367215
ENSBTAG00000053336,1,1,1,1.51E-08,,5,25449617
ENSBTAG00000017440,1,1,1,1.52E-08,METTL16,19,23381477
ENSBTAG00000017040,0,1,1,3.01E-12,LY6E,14,1422652
ENSBTAG00000004073,0,0,1,1.14E-06,MTA3,11,24886922
ENSBTAG00000048523,1,0,1,1.31E-06,,22,17008743
ENSBTAG00000052438,1,1,1,1.53E-08,,11,93718419
ENSBTAG00000042394,1,1,1,1.59E-08,,25,1519879
ENSBTAG00000043691,1,0,1,4.48E-07,5S_rRNA,16,18417964
ENSBTAG00000017678,0,1,1,7.71E-09,SPRED3,18,48197225
ENSBTAG00000017531,1,0,1,9.53E-07,FETUB,1,80560914
ENSBTAG00000036012,1,1,1,1.71E-08,OR13C3,8,94381356
ENSBTAG00000049161,1,1,1,1.73E-08,,10,25633096
ENSBTAG00000045401,1,0,1,1.54E-06,U1,29,24127358
ENSBTAG00000049308,1,0,1,3.63E-07,GAS2L3,5,64482719
ENSBTAG00000051574,1,0,1,1.16E-06,,5,55900690
ENSBTAG00000053301,1,1,1,1.79E-08,U1,3,21332180
ENSBTAG00000049777,1,1,1,1.80E-08,,16,26355876
ENSBTAG00000050161,0,1,1,9.90E-26,LY6K,14,1605169
ENSBTAG00000007429,1,0,1,1.00E-06,SPNS2,19,24986777
ENSBTAG00000002606,1,1,1,1.93E-08,LGR4,15,58091974
ENSBTAG00000032055,0,1,1,2.08E-07,VPS39,10,37550085
ENSBTAG00000047242,1,0,1,1.17E-06,Metazoa_SRP,15,40852005
ENSBTAG00000052729,1,1,1,2.11E-08,,10,23395541
ENSBTAG00000045824,1,1,1,2.12E-08,SOX9,19,58919579
ENSBTAG00000039218,0,1,1,2.57E-08,,11,60336402
ENSBTAG00000005514,0,1,1,2.34E-09,TRIO,20,58644763
ENSBTAG00000044263,1,1,1,2.13E-08,bta-mir-2309,14,879199
ENSBTAG00000023941,1,1,1,2.13E-08,CPN1,26,20959602
ENSBTAG00000032456,1,1,1,2.17E-08,H2AC21,3,20724190
ENSBTAG00000048536,1,1,1,2.20E-08,,6,50560621
ENSBTAG00000048264,1,1,1,2.26E-08,FLRT1,29,42434138
ENSBTAG00000021550,1,1,1,2.26E-08,,11,105939635
ENSBTAG00000045042,1,1,1,2.32E-08,,21,4801075
ENSBTAG00000045920,1,0,1,4.74E-07,5S_rRNA,12,78103778
ENSBTAG00000029822,1,0,1,8.51E-07,,19,21237995
ENSBTAG00000045717,1,1,1,2.34E-08,ADO,28,18928900
ENSBTAG00000052037,1,0,1,7.67E-07,,13,54748695
ENSBTAG00000012237,0,1,1,6.60E-08,AEBP1,4,77200840
ENSBTAG00000005711,0,1,1,4.38E-08,NSG1,6,104705029
ENSBTAG00000013942,0,0,1,1.24E-06,DAGLA,29,40162375
ENSBTAG00000054518,1,0,1,1.45E-06,,18,64066454
ENSBTAG00000039065,0,1,1,1.34E-14,HS6ST3,12,73363796
ENSBTAG00000020944,1,1,1,2.38E-08,PIEZO1,18,13938926
ENSBTAG00000031119,1,1,1,2.38E-08,OR4S1,15,77971869
ENSBTAG00000008257,0,1,1,1.00E-07,,14,56948115
ENSBTAG00000012384,1,1,1,2.42E-08,TFEB,23,15499140
ENSBTAG00000004622,1,1,1,2.45E-08,DZANK1,13,38428211
ENSBTAG00000044074,1,1,1,2.47E-08,MLLT10,13,22747480
ENSBTAG00000001656,1,1,1,2.49E-08,TMEM254,28,35225744
ENSBTAG00000003724,1,1,1,2.52E-08,BRDT,3,51387228
ENSBTAG00000047160,1,1,1,2.53E-08,bta-mir-2285ac,11,4553412
ENSBTAG00000015817,1,0,1,4.87E-07,ELK1,X,86007731
ENSBTAG00000010492,0,0,1,8.31E-07,VPS4B,24,61648831
ENSBTAG00000040541,1,0,1,1.60E-06,P2RY4,X,80184750
ENSBTAG00000054352,1,0,1,1.50E-06,,20,31624351
ENSBTAG00000002272,0,0,1,1.52E-06,KCTD18,2,89035588
ENSBTAG00000036451,1,1,1,2.54E-08,5S_rRNA,15,2159600
ENSBTAG00000017281,0,1,1,5.81E-28,OPLAH,14,765421
ENSBTAG00000002242,1,1,1,2.54E-08,PSME3IP1,18,25171517
ENSBTAG00000021393,0,1,1,1.02E-07,FLRT2,10,97254039
ENSBTAG00000036393,1,1,1,2.59E-08,bta-mir-658,5,109653907
ENSBTAG00000015571,1,0,1,5.99E-07,GCLC,23,6982172
ENSBTAG00000021059,1,0,1,4.40E-07,TNMD,X,49576205
ENSBTAG00000047076,1,0,1,1.72E-06,,1,157479440
ENSBTAG00000048153,1,0,1,6.93E-07,,28,2657370
ENSBTAG00000016251,1,1,1,2.71E-08,TMEM101,19,43868247
ENSBTAG00000015266,0,1,1,8.62E-08,SDHAF2,29,39921806
ENSBTAG00000007753,1,1,1,2.81E-08,KIFC2,14,470777
ENSBTAG00000014543,1,0,1,1.78E-06,PLXNA4,4,95795104
ENSBTAG00000020698,1,0,1,4.63E-07,MTHFR,16,41872926
ENSBTAG00000032518,1,1,1,2.83E-08,SPRED1,10,33847959
ENSBTAG00000032789,1,0,1,4.46E-07,OR4N2,10,27224397
ENSBTAG00000004645,0,1,1,1.10E-08,ADAMTSL3,21,24144715
ENSBTAG00000002982,1,1,1,2.84E-08,PITPNM3,19,25321703
ENSBTAG00000018520,1,1,1,2.88E-08,SCN1A,2,30224956
ENSBTAG00000014806,1,1,1,2.89E-08,ATP2A3,19,24551813
ENSBTAG00000009472,0,0,1,1.11E-06,C4H7orf25,4,78136885
ENSBTAG00000021172,1,0,1,1.42E-06,IWS1,2,5031102
ENSBTAG00000017367,0,0,1,5.91E-07,IFIT5,26,11081800
ENSBTAG00000051554,1,1,1,2.98E-08,,10,23535563
ENSBTAG00000046881,1,1,1,2.99E-08,bta-mir-219-2,23,7394820
ENSBTAG00000016485,1,0,1,9.59E-07,OPN1SW,4,92745939
ENSBTAG00000039970,1,1,1,3.00E-08,PAG16,29,38376234
ENSBTAG00000002741,1,1,1,3.02E-08,,5,44681351
ENSBTAG00000037571,0,1,1,3.97E-08,EBAG9,14,54843587
ENSBTAG00000051089,0,1,1,6.53E-08,,23,28741064
ENSBTAG00000021298,1,1,1,3.08E-08,NTMT2,16,37760258
ENSBTAG00000036902,1,1,1,3.12E-08,5S_rRNA,14,66289043
ENSBTAG00000047836,1,1,1,3.14E-08,,8,64124355
ENSBTAG00000054049,1,0,1,1.49E-06,,7,102263441
ENSBTAG00000020596,1,0,1,5.20E-07,TMEM126B,29,9925891
ENSBTAG00000034442,1,1,1,3.26E-08,LNP1,1,44688566
ENSBTAG00000048826,1,0,1,6.19E-07,,1,71763573
ENSBTAG00000018456,0,1,1,6.05E-14,ZNF7,14,332701
ENSBTAG00000043258,1,1,1,3.36E-08,,29,1088840
ENSBTAG00000004243,1,1,1,3.38E-08,LYPLA1,14,21994932
ENSBTAG00000018033,1,0,1,7.03E-07,PIP4K2A,13,23622885
ENSBTAG00000000570,0,0,1,1.70E-06,RET,28,13467070
ENSBTAG00000018053,1,0,1,1.29E-06,RAB22A,13,57991890
ENSBTAG00000036542,1,1,1,3.51E-08,5S_rRNA,8,101354232
ENSBTAG00000053236,1,0,1,1.53E-06,OR7A90,7,9076252
ENSBTAG00000046516,1,1,1,3.54E-08,FUT7,11,106067965
ENSBTAG00000009246,1,0,1,1.44E-06,DPY30,11,14665931
ENSBTAG00000013220,1,1,1,3.64E-08,R3HDML,13,72771226
ENSBTAG00000001020,1,0,1,7.01E-07,AKAP3,5,105499533
ENSBTAG00000012275,1,1,1,3.71E-08,ENDOU,5,32563233
ENSBTAG00000048450,1,0,1,1.36E-06,bta-mir-2285ao-2,1,152962179
ENSBTAG00000050763,0,1,1,3.52E-13,PXYLP1,1,127673805
ENSBTAG00000016882,1,1,1,3.83E-08,VPS26A,28,25526476
ENSBTAG00000052828,1,1,1,3.85E-08,,20,54701017
ENSBTAG00000021033,1,1,1,3.87E-08,SGK2,13,72150159
ENSBTAG00000042804,1,1,1,3.97E-08,U6,1,41580371
ENSBTAG00000032560,1,0,1,7.26E-07,SPINK2B,6,72097152
ENSBTAG00000009871,1,1,1,3.99E-08,RAB18,13,36998687
ENSBTAG00000050326,1,1,1,4.29E-08,OR6E1,10,22122679
ENSBTAG00000013923,0,0,1,4.32E-07,QPCT,11,19792170
ENSBTAG00000006823,1,1,1,4.33E-08,CMYA5,10,10675335
ENSBTAG00000043291,1,0,1,1.37E-06,,22,48133148
ENSBTAG00000007581,1,0,1,6.68E-07,ADORA2B,19,33482107
ENSBTAG00000045329,1,1,1,4.36E-08,bta-mir-2285v,10,9136876
ENSBTAG00000008792,1,1,1,4.43E-08,RNASE6,10,26370334
ENSBTAG00000045714,1,1,1,4.65E-08,DSPP,6,102494936
ENSBTAG00000017507,1,0,1,7.44E-07,SV2C,10,7361671
ENSBTAG00000032761,1,1,1,4.68E-08,CALHM3,26,24059298
ENSBTAG00000005871,1,1,1,4.74E-08,MECOM,1,98280869
ENSBTAG00000051432,1,1,1,4.79E-08,,8,104181438
ENSBTAG00000003089,1,1,1,4.82E-08,RHPN2,18,43404074
ENSBTAG00000032859,1,1,1,4.96E-08,,15,35297140
ENSBTAG00000020704,0,1,1,7.93E-08,RAMP3,4,76444976
ENSBTAG00000000705,0,0,1,5.66E-07,COX7A2L,11,24756935
ENSBTAG00000045114,1,1,1,5.19E-08,5S_rRNA,29,29319098
ENSBTAG00000026111,1,1,1,5.26E-08,LBH,11,69617500
ENSBTAG00000032279,1,1,1,5.27E-08,IQCF2,22,48997519
ENSBTAG00000054138,1,1,1,5.39E-08,,2,134214256
ENSBTAG00000016984,1,1,1,5.40E-08,PTPN9,21,33305768
ENSBTAG00000050102,1,1,1,5.53E-08,H3C4,23,31770297
ENSBTAG00000010906,0,1,1,3.48E-08,RPS6KA5,10,102478630
ENSBTAG00000051203,1,1,1,5.64E-08,,16,1013899
ENSBTAG00000003572,1,1,1,5.95E-08,F11,27,16293899
ENSBTAG00000049458,1,1,1,5.97E-08,,17,43726286
ENSBTAG00000007486,1,1,1,6.02E-08,CEL,11,103058904
ENSBTAG00000018321,0,1,1,2.33E-08,PAOX,26,25600415
ENSBTAG00000016936,1,1,1,6.08E-08,MISP3,7,11623511
ENSBTAG00000052069,1,0,1,9.05E-07,U6,4,72487794
ENSBTAG00000054493,1,0,1,1.13E-06,SNORA72,14,66179186
ENSBTAG00000043951,1,0,1,5.52E-07,IMPA2,24,42749323
ENSBTAG00000021728,1,1,1,6.13E-08,OGDHL,28,43841934
ENSBTAG00000052343,0,0,1,6.44E-07,,18,51464620
ENSBTAG00000013213,1,1,1,6.19E-08,OSR2,14,65332265
ENSBTAG00000054905,1,1,1,6.34E-08,,10,4244219
ENSBTAG00000052936,1,1,1,6.35E-08,,15,55068987
ENSBTAG00000054638,1,1,1,6.44E-08,,11,61059272
ENSBTAG00000053450,1,0,1,1.70E-06,,19,36779155
ENSBTAG00000018601,1,1,1,6.64E-08,LYZL4,22,14623349
ENSBTAG00000050970,1,0,1,1.51E-06,,29,10677003
ENSBTAG00000021632,0,0,1,6.67E-07,MSRA,8,8755177
ENSBTAG00000004920,1,0,1,6.36E-07,,20,24418261
ENSBTAG00000051300,1,1,1,6.68E-08,,23,10989275
ENSBTAG00000011587,1,0,1,1.75E-06,C26H10orf90,26,45938326
ENSBTAG00000007922,0,0,1,1.26E-06,RNF24,13,51228908
ENSBTAG00000043747,1,1,1,6.75E-08,U2,7,62077274
ENSBTAG00000048515,1,1,1,6.76E-08,,18,56624668
ENSBTAG00000043658,1,0,1,4.43E-07,5S_rRNA,18,65422830
ENSBTAG00000029812,1,1,1,7.20E-08,bta-mir-324,19,26938001
ENSBTAG00000028022,1,1,1,7.40E-08,5S_rRNA,16,16102665
ENSBTAG00000013084,1,1,1,7.46E-08,NAPA,18,54459647
ENSBTAG00000051978,1,1,1,7.47E-08,C19orf85,18,62042308
ENSBTAG00000050167,1,0,1,7.58E-07,,1,139122464
ENSBTAG00000030820,1,0,1,1.55E-06,NT5M,19,34870103
ENSBTAG00000009449,0,1,1,1.59E-07,DMAC2,18,50566982
ENSBTAG00000042559,1,1,1,7.52E-08,SNORA80E,3,14846190
ENSBTAG00000043406,1,0,1,5.41E-07,SNORA72,8,102706348
ENSBTAG00000004402,1,0,1,1.10E-06,PRELID3B,13,57347419
ENSBTAG00000019066,1,1,1,7.98E-08,FAM167A,8,7897347
ENSBTAG00000051667,1,1,1,7.99E-08,,13,76743958
ENSBTAG00000039055,1,1,1,8.01E-08,ANKRD65,16,51125124
ENSBTAG00000044214,1,1,1,8.05E-08,bta-mir-2399,27,26565754
ENSBTAG00000043474,1,1,1,8.05E-08,,10,74165338
ENSBTAG00000049775,1,1,1,8.17E-08,OR4D2D,19,9093258
ENSBTAG00000016505,1,1,1,8.21E-08,TMC7,25,16931193
ENSBTAG00000000257,1,1,1,8.42E-08,MRAP2,9,65275990
ENSBTAG00000048468,1,1,1,8.77E-08,,4,43571206
ENSBTAG00000051708,1,1,1,9.13E-08,,6,59356641
ENSBTAG00000007234,1,0,1,9.62E-07,PLRG1,17,2912667
ENSBTAG00000004215,1,1,1,9.36E-08,RARRES2,4,112749675
ENSBTAG00000051375,1,1,1,9.40E-08,bta-mir-2285bu-1,13,59841027
ENSBTAG00000029948,1,1,1,9.44E-08,,12,65689990
ENSBTAG00000020490,0,1,1,1.30E-07,NACC2,11,103518410
ENSBTAG00000054211,1,1,1,9.48E-08,,2,39370481
ENSBTAG00000054496,1,0,1,9.53E-07,bta-mir-7691,7,81526133
ENSBTAG00000004427,1,1,1,9.66E-08,OSBPL8,5,5839779
ENSBTAG00000032442,1,1,1,9.75E-08,,20,66232903
ENSBTAG00000010524,1,1,1,9.80E-08,BCKDK,25,27212130
ENSBTAG00000042942,1,1,1,9.93E-08,U6,22,10088997
ENSBTAG00000051774,1,1,1,1.05E-07,,16,54442089
ENSBTAG00000053762,1,0,1,5.30E-07,,27,26253238
ENSBTAG00000043694,1,1,1,1.05E-07,,21,65894209
ENSBTAG00000045301,1,1,1,1.07E-07,bta-mir-2464,7,90391797
ENSBTAG00000051426,1,1,1,1.07E-07,bta-mir-2285f-2,20,21823390
ENSBTAG00000014873,1,0,1,1.46E-06,COA5,11,3790084
ENSBTAG00000011682,1,1,1,1.08E-07,GLI2,2,72712261
ENSBTAG00000023976,0,1,1,1.25E-08,ARHGAP25,11,67091343
ENSBTAG00000042362,1,1,1,1.09E-07,SNORA70,1,120180703
ENSBTAG00000045330,1,0,1,1.14E-06,bta-mir-2284u,2,130300980
ENSBTAG00000034347,0,0,1,1.81E-06,RBM11,1,22948185
ENSBTAG00000009055,0,1,1,2.33E-08,RNF144B,23,39178911
ENSBTAG00000021923,1,1,1,1.15E-07,DSG2,24,25603584
ENSBTAG00000004641,0,0,1,1.45E-06,PLEKHA6,16,1986639
ENSBTAG00000000439,1,0,1,7.03E-07,SFSWAP,17,45279916
ENSBTAG00000046411,1,1,1,1.15E-07,5S_rRNA,24,57295131
ENSBTAG00000006991,1,0,1,5.97E-07,ADH6,6,25413497
ENSBTAG00000053329,1,0,1,1.80E-06,U6,2,18028044
ENSBTAG00000019947,0,1,1,2.81E-07,SYT7,29,39984076
ENSBTAG00000050195,1,0,1,6.54E-07,FAM172A,7,93088059
ENSBTAG00000050405,1,1,1,1.17E-07,,10,21366772
ENSBTAG00000039116,1,1,1,1.19E-07,OR5V2,23,29344338
ENSBTAG00000051308,1,1,1,1.21E-07,,15,79382754
ENSBTAG00000029592,1,1,1,1.27E-07,5S_rRNA,X,137520446
ENSBTAG00000010875,1,1,1,1.28E-07,MSX1,6,104281506
ENSBTAG00000009245,1,0,1,4.40E-07,PPP2CB,27,26900099
ENSBTAG00000051553,1,1,1,1.32E-07,,16,13080542
ENSBTAG00000003569,0,1,1,1.34E-09,DZIP1,12,73010630
ENSBTAG00000048988,1,1,1,1.34E-07,,29,39984604
ENSBTAG00000039770,0,0,1,1.60E-06,CEBPZ,11,19635217
ENSBTAG00000055126,1,1,1,1.36E-07,LCE1B,3,17924015
ENSBTAG00000014853,1,1,1,1.37E-07,OR51H1,15,48862185
ENSBTAG00000050436,1,1,1,1.41E-07,SPAAR,8,60220090
ENSBTAG00000006037,1,0,1,9.04E-07,CCN5,13,73111319
ENSBTAG00000051773,1,1,1,1.48E-07,bta-mir-12006,X,112544968
ENSBTAG00000002290,1,0,1,1.32E-06,,18,60759305
ENSBTAG00000055209,1,1,1,1.50E-07,,28,29066317
ENSBTAG00000012043,1,1,1,1.51E-07,PADI3,2,135316332
ENSBTAG00000020348,1,1,1,1.52E-07,ASTL,11,2263560
ENSBTAG00000044721,1,1,1,1.53E-07,U6,17,52194968
ENSBTAG00000046499,0,0,1,1.72E-06,,26,25701872
ENSBTAG00000000232,1,1,1,1.54E-07,OR51D1,15,50400981
ENSBTAG00000048765,1,0,1,1.25E-06,,18,64890300
ENSBTAG00000050235,1,1,1,1.56E-07,,1,141860782
ENSBTAG00000006734,1,0,1,4.00E-07,BICD1,5,77487500
ENSBTAG00000032433,1,1,1,1.61E-07,DENR,17,52750181
ENSBTAG00000024275,1,0,1,1.30E-06,XRCC4,7,82958858
ENSBTAG00000000665,1,1,1,1.61E-07,HCRT,19,42302320
ENSBTAG00000051618,1,0,1,1.36E-06,PET117,13,38329976
ENSBTAG00000025837,1,0,1,1.80E-06,RFX4,5,69980577
ENSBTAG00000024394,1,0,1,4.57E-07,SEMA3D,4,35390232
ENSBTAG00000050251,1,1,1,1.64E-07,,6,44043759
ENSBTAG00000038366,1,1,1,1.73E-07,CD1B5,3,11633891
ENSBTAG00000046079,1,0,1,3.89E-07,,8,95456474
ENSBTAG00000043602,1,1,1,1.76E-07,7SK,4,43562420
ENSBTAG00000038854,1,0,1,1.10E-06,CLEC2L,4,103019448
ENSBTAG00000012353,0,1,1,9.23E-15,ZNF34,14,309282
ENSBTAG00000054524,1,0,1,1.63E-06,,4,78345465
ENSBTAG00000038428,1,1,1,1.77E-07,RELB,18,52695747
ENSBTAG00000039599,1,0,1,1.11E-06,HOXB4,19,37913845
ENSBTAG00000050330,1,0,1,1.04E-06,U6,14,34124661
ENSBTAG00000009412,0,1,1,5.38E-08,SIAE,29,28116611
ENSBTAG00000013740,0,1,1,3.28E-07,SP2,19,38533720
ENSBTAG00000050774,1,1,1,1.77E-07,OR7A112,7,10090682
ENSBTAG00000029805,1,1,1,1.78E-07,bta-mir-30c,3,105457746
ENSBTAG00000054306,1,0,1,5.63E-07,,11,858769
ENSBTAG00000052749,1,1,1,1.79E-07,,27,17006709
ENSBTAG00000042950,1,0,1,4.49E-07,SNORD45C,3,69064851
ENSBTAG00000050820,1,0,1,1.14E-06,bta-mir-2285bj-1,X,6939383
ENSBTAG00000048839,1,1,1,1.80E-07,UTS2,16,45524414
ENSBTAG00000031145,1,1,1,1.84E-07,RS1,X,124795331
ENSBTAG00000054195,1,1,1,1.85E-07,GPX1,22,50752499
ENSBTAG00000009798,1,0,1,1.35E-06,DCDC2,23,33335556
ENSBTAG00000008437,1,1,1,1.86E-07,PCDH12,7,53009272
ENSBTAG00000020865,0,1,1,1.32E-09,PELI1,11,62517245
ENSBTAG00000051759,1,1,1,1.88E-07,,13,16185827
ENSBTAG00000048504,1,1,1,1.89E-07,PRR33,29,49596205
ENSBTAG00000017118,0,1,1,2.68E-07,FAM8A1,23,39831961
ENSBTAG00000042865,1,0,1,1.54E-06,SNORD36,24,60663791
ENSBTAG00000010597,1,1,1,1.90E-07,GGCT,4,65806682
ENSBTAG00000017220,1,0,1,1.18E-06,GH1,19,48117957
ENSBTAG00000021158,1,0,1,7.38E-07,SATB1,1,155431343
ENSBTAG00000050721,1,1,1,1.91E-07,,1,130098798
ENSBTAG00000035150,1,0,1,9.53E-07,5S_rRNA,X,132666874
ENSBTAG00000010480,1,1,1,1.97E-07,TIMM50,18,49160920
ENSBTAG00000011736,1,1,1,1.99E-07,IGF2BP1,19,37503490
ENSBTAG00000016074,1,1,1,2.03E-07,ZNF143,15,43112434
ENSBTAG00000043870,1,1,1,2.06E-07,U6,X,79329870
ENSBTAG00000028498,1,1,1,2.06E-07,5S_rRNA,7,39873975
ENSBTAG00000053862,1,0,1,1.32E-06,OR1I1,7,8044506
ENSBTAG00000026356,0,1,1,4.87E-25,DGAT1,14,603813
ENSBTAG00000025669,0,0,1,7.07E-07,B3GALT4,23,7451914
ENSBTAG00000044896,1,0,1,5.79E-07,,27,18934472
ENSBTAG00000052523,1,1,1,2.07E-07,OR1L6,11,93871203
ENSBTAG00000005504,1,1,1,2.17E-07,TP53INP2,13,64041297
ENSBTAG00000042274,1,0,1,3.89E-07,U6,20,27974735
ENSBTAG00000018164,0,0,1,8.99E-07,FNDC4,11,72190119
ENSBTAG00000042231,1,1,1,2.20E-07,U6,18,38680352
ENSBTAG00000045727,0,1,1,2.93E-08,EPPK1,14,940689
ENSBTAG00000012180,0,1,1,1.62E-09,BMF,10,35737731
ENSBTAG00000049281,1,1,1,2.20E-07,,1,83641191
ENSBTAG00000055035,1,1,1,2.21E-07,,18,63586494
ENSBTAG00000052895,1,1,1,2.27E-07,H2AC10,23,31701454
ENSBTAG00000016405,1,0,1,1.58E-06,OR4C160,15,84232029
ENSBTAG00000003621,1,1,1,2.29E-07,MOXD2,4,105477822
ENSBTAG00000043261,1,1,1,2.30E-07,SNORD70,2,90793056
ENSBTAG00000000215,1,0,1,1.07E-06,GNB1,16,50856300
ENSBTAG00000048655,1,1,1,2.42E-07,NT5E,9,63953759
ENSBTAG00000008939,0,1,1,1.24E-11,DNMBP,26,20825047
ENSBTAG00000049442,1,1,1,2.66E-07,,X,137376397
ENSBTAG00000037721,0,1,1,8.84E-08,,18,64505119
ENSBTAG00000012892,1,1,1,2.67E-07,C17H22orf31,17,68404806
ENSBTAG00000051506,1,1,1,2.69E-07,,4,55292088
ENSBTAG00000003693,0,1,1,3.97E-12,SUN2,5,110358967
ENSBTAG00000000857,0,1,1,4.22E-20,SLC52A2,14,578057
ENSBTAG00000054898,1,0,1,1.02E-06,OR2M17,23,31477974
ENSBTAG00000010994,1,0,1,8.03E-07,CTSF,29,44596854
ENSBTAG00000003166,0,1,1,1.93E-08,AXL,18,50402713
ENSBTAG00000020252,0,1,1,2.71E-08,NLGN2,19,27087314
ENSBTAG00000005154,0,1,1,1.29E-07,APCDD1,24,42127687
ENSBTAG00000014944,1,0,1,1.44E-06,TBXA2R,7,20334826
ENSBTAG00000000963,1,1,1,2.70E-07,,3,11665406
ENSBTAG00000011075,0,1,1,1.17E-07,PLPBP,27,33042477
ENSBTAG00000042599,1,1,1,2.72E-07,U6,13,72872107
ENSBTAG00000040607,0,1,1,7.00E-09,SLA2,13,65711052
ENSBTAG00000051049,1,1,1,2.76E-07,,22,59370464
ENSBTAG00000016506,0,1,1,2.72E-08,ST3GAL4,29,29698724
ENSBTAG00000046684,0,1,1,1.72E-07,FOXN3,10,100831725
ENSBTAG00000002477,0,0,1,1.04E-06,MRM2,25,40977160
ENSBTAG00000028976,1,1,1,2.77E-07,5S_rRNA,25,41558828
ENSBTAG00000016720,0,1,1,4.25E-08,RAB1A,11,63471793
ENSBTAG00000034531,1,0,1,9.27E-07,RNF146,9,24001196
ENSBTAG00000053594,1,0,1,9.36E-07,,7,7231650
ENSBTAG00000003484,1,1,1,2.82E-07,CZIB,3,93014104
ENSBTAG00000050001,1,1,1,2.86E-07,,8,70133560
ENSBTAG00000008556,0,1,1,7.03E-09,POU2F2,18,51132250
ENSBTAG00000043147,1,1,1,2.88E-07,U6,16,16429443
ENSBTAG00000051839,1,1,1,2.96E-07,bta-mir-2284y-5,2,110378162
ENSBTAG00000005679,1,1,1,3.04E-07,TMEM130,25,37360828
ENSBTAG00000052711,1,1,1,3.09E-07,,16,50793539
ENSBTAG00000038156,1,1,1,3.11E-07,DYNLT3,X,105545907
ENSBTAG00000008151,1,0,1,9.69E-07,MAP3K3,19,47912961
ENSBTAG00000002963,1,1,1,3.14E-07,SAA4,29,26470078
ENSBTAG00000045449,1,1,1,3.25E-07,bta-mir-2349,19,53603270
ENSBTAG00000018232,1,0,1,1.63E-06,STOML3,12,23258105
ENSBTAG00000050949,1,1,1,3.28E-07,U6,18,39237966
ENSBTAG00000026340,0,1,1,2.91E-21,,14,1763961
ENSBTAG00000047834,0,1,1,3.02E-08,EFR3A,14,9114129
ENSBTAG00000000647,1,0,1,8.99E-07,SELENOO,5,119568730
ENSBTAG00000018947,1,1,1,3.30E-07,SYT16,10,73936265
ENSBTAG00000007712,1,1,1,3.35E-07,SEC22B,3,23075087
ENSBTAG00000031625,1,0,1,4.48E-07,HRH3,13,55005743
ENSBTAG00000023415,1,0,1,5.45E-07,LIN7B,18,55626996
ENSBTAG00000026025,1,1,1,3.37E-07,,X,74163752
ENSBTAG00000048864,1,0,1,1.40E-06,OR6C69H,5,59161107
ENSBTAG00000018452,1,1,1,3.44E-07,ANKRA2,20,8070928
ENSBTAG00000052862,1,0,1,4.55E-07,,18,53776684
ENSBTAG00000013821,1,0,1,1.40E-06,RIOK1,23,47942974
ENSBTAG00000028153,1,1,1,3.46E-07,5S_rRNA,24,45592736
ENSBTAG00000013356,1,0,1,1.74E-06,CATHL3,22,51579579
ENSBTAG00000053261,1,1,1,3.47E-07,OR4A47R,15,78258016
ENSBTAG00000047449,0,1,1,3.96E-09,,11,49225771
ENSBTAG00000000879,0,1,1,2.23E-08,C14H8orf33,14,303633
ENSBTAG00000005247,1,1,1,3.48E-07,FRMD3,8,76429785
ENSBTAG00000030432,1,0,1,5.64E-07,TTC8,10,100503012
ENSBTAG00000007374,0,1,1,2.19E-08,LHFPL2,10,9534467
ENSBTAG00000053039,1,0,1,4.76E-07,,7,65822406
ENSBTAG00000031031,1,1,1,3.53E-07,OR10P1,5,57626515
ENSBTAG00000050549,1,1,1,3.53E-07,KLHL11,19,42039541
ENSBTAG00000001704,1,0,1,4.14E-07,,15,15416388
